sentiment,text,pretoken,token,stemmed,lemmatized,posttoken,nonletterclean
"0","0","is upset that he can't update his Facebook by texting it... and might cry as a result  School today also. Blah!","is upset that he cannot update his Facebook by texting it... and might cry as a result School today also. Blah!","['is', 'upset', 'that', 'he', 'cannot', 'update', 'his', 'Facebook', 'by', 'texting', 'it', '...', 'and', 'might', 'cry', 'as', 'a', 'result', 'School', 'today', 'also', '.', 'Blah', '!']","['is', 'upset', 'that', 'he', 'cannot', 'updat', 'hi', 'facebook', 'by', 'text', 'it', '...', 'and', 'might', 'cri', 'as', 'a', 'result', 'school', 'today', 'also', '.', 'blah', '!']","['be', 'upset', 'that', 'he', 'cannot', 'update', 'his', 'facebook', 'by', 'texting', 'it', '...', 'and', 'might', 'cry', 'as', 'a', 'result', 'school', 'today', 'also', '.', 'blah', '!']","['be', 'upset', 'that', 'he', 'cannot', 'update', 'his', 'facebook', 'by', 'texting', 'it', 'and', 'might', 'cry', 'as', 'a', 'result', 'school', 'today', 'also', 'blah']","be upset that he cannot update his facebook by texting it and might cry as a result school today also blah"
"1","0","@Kenichan I dived many times for the ball. Managed to save 50%  The rest go out of bounds","I dived many times for the ball. Managed to save 50% The rest go out of bounds","['I', 'dived', 'many', 'times', 'for', 'the', 'ball', '.', 'Managed', 'to', 'save', '50', '%', 'The', 'rest', 'go', 'out', 'of', 'bounds']","['i', 'dive', 'mani', 'time', 'for', 'the', 'ball', '.', 'manag', 'to', 'save', '50', '%', 'the', 'rest', 'go', 'out', 'of', 'bound']","['i', 'dive', 'many', 'time', 'for', 'the', 'ball', '.', 'manage', 'to', 'save', '50', '%', 'the', 'rest', 'go', 'out', 'of', 'bound']","['i', 'dive', 'many', 'time', 'for', 'the', 'ball', 'manage', 'to', 'save', 'the', 'rest', 'go', 'out', 'of', 'bound']","i dive many time for the ball manage to save the rest go out of bound"
"2","0","my whole body feels itchy and like its on fire ","my whole body feels itchy and like its on fire","['my', 'whole', 'body', 'feels', 'itchy', 'and', 'like', 'its', 'on', 'fire']","['my', 'whole', 'bodi', 'feel', 'itchi', 'and', 'like', 'it', 'on', 'fire']","['my', 'whole', 'body', 'feel', 'itchy', 'and', 'like', 'its', 'on', 'fire']","['my', 'whole', 'body', 'feel', 'itchy', 'and', 'like', 'its', 'on', 'fire']","my whole body feel itchy and like its on fire"
"3","0","@nationwideclass no, it's not behaving at all. i'm mad. why am i here? because I can't see you all over there. ","no, it is not behaving at all. i am mad. why am i here? because I cannot see you all over there.","['no', ',', 'it', 'is', 'not', 'behaving', 'at', 'all', '.', 'i', 'am', 'mad', '.', 'why', 'am', 'i', 'here', '?', 'because', 'I', 'cannot', 'see', 'you', 'all', 'over', 'there', '.']","['no', ',', 'it', 'is', 'not', 'behav', 'at', 'all', '.', 'i', 'am', 'mad', '.', 'whi', 'am', 'i', 'here', '?', 'becaus', 'i', 'cannot', 'see', 'you', 'all', 'over', 'there', '.']","['no', ',', 'it', 'be', 'not', 'behave', 'at', 'all', '.', 'i', 'be', 'mad', '.', 'why', 'be', 'i', 'here', '?', 'because', 'i', 'cannot', 'see', 'you', 'all', 'over', 'there', '.']","['no', 'it', 'be', 'not', 'behave', 'at', 'all', 'i', 'be', 'mad', 'why', 'be', 'i', 'here', 'because', 'i', 'cannot', 'see', 'you', 'all', 'over', 'there']","no it be not behave at all i be mad why be i here because i cannot see you all over there"
"4","0","@Kwesidei not the whole crew ","not the whole crew","['not', 'the', 'whole', 'crew']","['not', 'the', 'whole', 'crew']","['not', 'the', 'whole', 'crew']","['not', 'the', 'whole', 'crew']","not the whole crew"
"5","0","Need a hug ","Need a hug","['Need', 'a', 'hug']","['need', 'a', 'hug']","['need', 'a', 'hug']","['need', 'a', 'hug']","need a hug"
"6","0","@LOLTrish hey  long time no see! Yes.. Rains a bit ,only a bit  LOL , I'm fine thanks , how's you ?","hey long time no see! Yes.. Rains a bit ,only a bit LOL , I am fine thanks , how is you ?","['hey', 'long', 'time', 'no', 'see', '!', 'Yes', '..', 'Rains', 'a', 'bit', ',', 'only', 'a', 'bit', 'LOL', ',', 'I', 'am', 'fine', 'thanks', ',', 'how', 'is', 'you', '?']","['hey', 'long', 'time', 'no', 'see', '!', 'ye', '..', 'rain', 'a', 'bit', ',', 'onli', 'a', 'bit', 'lol', ',', 'i', 'am', 'fine', 'thank', ',', 'how', 'is', 'you', '?']","['hey', 'long', 'time', 'no', 'see', '!', 'yes', '..', 'rain', 'a', 'bit', ',', 'only', 'a', 'bit', 'lol', ',', 'i', 'be', 'fine', 'thanks', ',', 'how', 'be', 'you', '?']","['hey', 'long', 'time', 'no', 'see', 'yes', 'rain', 'a', 'bit', 'only', 'a', 'bit', 'lol', 'i', 'be', 'fine', 'thanks', 'how', 'be', 'you']","hey long time no see yes rain a bit only a bit lol i be fine thanks how be you"
"7","0","@Tatiana_K nope they didn't have it ","nope they did not have it","['nope', 'they', 'did', 'not', 'have', 'it']","['nope', 'they', 'did', 'not', 'have', 'it']","['nope', 'they', 'do', 'not', 'have', 'it']","['nope', 'they', 'do', 'not', 'have', 'it']","nope they do not have it"
"8","0","@twittera que me muera ? ","que me muera ?","['que', 'me', 'muera', '?']","['que', 'me', 'muera', '?']","['que', 'me', 'muera', '?']","['que', 'me', 'muera']","que me muera"
"9","0","spring break in plain city... it's snowing ","spring break in plain city... it is snowing","['spring', 'break', 'in', 'plain', 'city', '...', 'it', 'is', 'snowing']","['spring', 'break', 'in', 'plain', 'citi', '...', 'it', 'is', 'snow']","['spring', 'break', 'in', 'plain', 'city', '...', 'it', 'be', 'snow']","['spring', 'break', 'in', 'plain', 'city', 'it', 'be', 'snow']","spring break in plain city it be snow"
"10","0","I just re-pierced my ears ","I just re-pierced my ears","['I', 'just', 're-pierced', 'my', 'ears']","['i', 'just', 're-pierc', 'my', 'ear']","['i', 'just', 're-pierced', 'my', 'ear']","['i', 'just', 're-pierced', 'my', 'ear']","i just repierced my ear"
"11","0","@caregiving I couldn't bear to watch it.  And I thought the UA loss was embarrassing . . . . .","I could not bear to watch it. And I thought the UA loss was embarrassing . . . . .","['I', 'could', 'not', 'bear', 'to', 'watch', 'it', '.', 'And', 'I', 'thought', 'the', 'UA', 'loss', 'was', 'embarrassing', '. . . . .']","['i', 'could', 'not', 'bear', 'to', 'watch', 'it', '.', 'and', 'i', 'thought', 'the', 'ua', 'loss', 'wa', 'embarrass', '. . . . .']","['i', 'could', 'not', 'bear', 'to', 'watch', 'it', '.', 'and', 'i', 'think', 'the', 'ua', 'loss', 'be', 'embarrass', '. . . . .']","['i', 'could', 'not', 'bear', 'to', 'watch', 'it', 'and', 'i', 'think', 'the', 'ua', 'loss', 'be', 'embarrass', '. . . . .']","i could not bear to watch it and i think the ua loss be embarrass     "
"12","0","@octolinz16 It it counts, idk why I did either. you never talk to me anymore ","It it counts, i do not know why I did either. you never talk to me anymore","['It', 'it', 'counts', ',', 'i', 'do', 'not', 'know', 'why', 'I', 'did', 'either', '.', 'you', 'never', 'talk', 'to', 'me', 'anymore']","['it', 'it', 'count', ',', 'i', 'do', 'not', 'know', 'whi', 'i', 'did', 'either', '.', 'you', 'never', 'talk', 'to', 'me', 'anymor']","['it', 'it', 'count', ',', 'i', 'do', 'not', 'know', 'why', 'i', 'do', 'either', '.', 'you', 'never', 'talk', 'to', 'me', 'anymore']","['it', 'it', 'count', 'i', 'do', 'not', 'know', 'why', 'i', 'do', 'either', 'you', 'never', 'talk', 'to', 'me', 'anymore']","it it count i do not know why i do either you never talk to me anymore"
"13","0","@smarrison i would've been the first, but i didn't have a gun.    not really though, zac snyder's just a doucheclown.","i would have been the first, but i did not have a gun. not really though, zac snyder's just a doucheclown.","['i', 'would', 'have', 'been', 'the', 'first', ',', 'but', 'i', 'did', 'not', 'have', 'a', 'gun', '.', 'not', 'really', 'though', ',', 'zac', ""snyder's"", 'just', 'a', 'doucheclown', '.']","['i', 'would', 'have', 'been', 'the', 'first', ',', 'but', 'i', 'did', 'not', 'have', 'a', 'gun', '.', 'not', 'realli', 'though', ',', 'zac', ""snyder'"", 'just', 'a', 'doucheclown', '.']","['i', 'would', 'have', 'be', 'the', 'first', ',', 'but', 'i', 'do', 'not', 'have', 'a', 'gun', '.', 'not', 'really', 'though', ',', 'zac', ""snyder's"", 'just', 'a', 'doucheclown', '.']","['i', 'would', 'have', 'be', 'the', 'first', 'but', 'i', 'do', 'not', 'have', 'a', 'gun', 'not', 'really', 'though', 'zac', ""snyder's"", 'just', 'a', 'doucheclown']","i would have be the first but i do not have a gun not really though zac snyders just a doucheclown"
"14","0","@iamjazzyfizzle I wish I got to watch it with you!! I miss you and @iamlilnicki  how was the premiere?!","I wish I got to watch it with you!! I miss you and how was the premiere?!","['I', 'wish', 'I', 'got', 'to', 'watch', 'it', 'with', 'you', '!', '!', 'I', 'miss', 'you', 'and', 'how', 'was', 'the', 'premiere', '?', '!']","['i', 'wish', 'i', 'got', 'to', 'watch', 'it', 'with', 'you', '!', '!', 'i', 'miss', 'you', 'and', 'how', 'wa', 'the', 'premier', '?', '!']","['i', 'wish', 'i', 'get', 'to', 'watch', 'it', 'with', 'you', '!', '!', 'i', 'miss', 'you', 'and', 'how', 'be', 'the', 'premiere', '?', '!']","['i', 'wish', 'i', 'get', 'to', 'watch', 'it', 'with', 'you', 'i', 'miss', 'you', 'and', 'how', 'be', 'the', 'premiere']","i wish i get to watch it with you i miss you and how be the premiere"
"15","0","Hollis' death scene will hurt me severely to watch on film  wry is directors cut not out now?","Hollis' death scene will hurt me severely to watch on film wry is directors cut not out now?","['Hollis', ""'"", 'death', 'scene', 'will', 'hurt', 'me', 'severely', 'to', 'watch', 'on', 'film', 'wry', 'is', 'directors', 'cut', 'not', 'out', 'now', '?']","['holli', ""'"", 'death', 'scene', 'will', 'hurt', 'me', 'sever', 'to', 'watch', 'on', 'film', 'wri', 'is', 'director', 'cut', 'not', 'out', 'now', '?']","['hollis', ""'"", 'death', 'scene', 'will', 'hurt', 'me', 'severely', 'to', 'watch', 'on', 'film', 'wry', 'be', 'director', 'cut', 'not', 'out', 'now', '?']","['hollis', 'death', 'scene', 'will', 'hurt', 'me', 'severely', 'to', 'watch', 'on', 'film', 'wry', 'be', 'director', 'cut', 'not', 'out', 'now']","hollis death scene will hurt me severely to watch on film wry be director cut not out now"
"16","0","about to file taxes ","about to file taxes","['about', 'to', 'file', 'taxes']","['about', 'to', 'file', 'tax']","['about', 'to', 'file', 'tax']","['about', 'to', 'file', 'tax']","about to file tax"
"17","0","@LettyA ahh ive always wanted to see rent  love the soundtrack!!","ahh i have always wanted to see rent love the soundtrack!!","['ahh', 'i', 'have', 'always', 'wanted', 'to', 'see', 'rent', 'love', 'the', 'soundtrack', '!', '!']","['ahh', 'i', 'have', 'alway', 'want', 'to', 'see', 'rent', 'love', 'the', 'soundtrack', '!', '!']","['ahh', 'i', 'have', 'always', 'want', 'to', 'see', 'rent', 'love', 'the', 'soundtrack', '!', '!']","['ahh', 'i', 'have', 'always', 'want', 'to', 'see', 'rent', 'love', 'the', 'soundtrack']","ahh i have always want to see rent love the soundtrack"
"18","0","@FakerPattyPattz Oh dear. Were you drinking out of the forgotten table drinks? ","Oh dear. Were you drinking out of the forgotten table drinks?","['Oh', 'dear', '.', 'Were', 'you', 'drinking', 'out', 'of', 'the', 'forgotten', 'table', 'drinks', '?']","['oh', 'dear', '.', 'were', 'you', 'drink', 'out', 'of', 'the', 'forgotten', 'tabl', 'drink', '?']","['oh', 'dear', '.', 'be', 'you', 'drink', 'out', 'of', 'the', 'forgotten', 'table', 'drink', '?']","['oh', 'dear', 'be', 'you', 'drink', 'out', 'of', 'the', 'forgotten', 'table', 'drink']","oh dear be you drink out of the forgotten table drink"
"19","0","@alydesigns i was out most of the day so didn't get much done ","i was out most of the day so did not get much done","['i', 'was', 'out', 'most', 'of', 'the', 'day', 'so', 'did', 'not', 'get', 'much', 'done']","['i', 'wa', 'out', 'most', 'of', 'the', 'day', 'so', 'did', 'not', 'get', 'much', 'done']","['i', 'be', 'out', 'most', 'of', 'the', 'day', 'so', 'do', 'not', 'get', 'much', 'do']","['i', 'be', 'out', 'most', 'of', 'the', 'day', 'so', 'do', 'not', 'get', 'much', 'do']","i be out most of the day so do not get much do"
"20","0","one of my friend called me, and asked to meet with her at Mid Valley today...but i've no time *sigh* ","one of my friend called me, and asked to meet with her at Mid Valley today...but i have no time *sigh*","['one', 'of', 'my', 'friend', 'called', 'me', ',', 'and', 'asked', 'to', 'meet', 'with', 'her', 'at', 'Mid', 'Valley', 'today', '...', 'but', 'i', 'have', 'no', 'time', '*', 'sigh', '*']","['one', 'of', 'my', 'friend', 'call', 'me', ',', 'and', 'ask', 'to', 'meet', 'with', 'her', 'at', 'mid', 'valley', 'today', '...', 'but', 'i', 'have', 'no', 'time', '*', 'sigh', '*']","['one', 'of', 'my', 'friend', 'call', 'me', ',', 'and', 'ask', 'to', 'meet', 'with', 'her', 'at', 'mid', 'valley', 'today', '...', 'but', 'i', 'have', 'no', 'time', '*', 'sigh', '*']","['one', 'of', 'my', 'friend', 'call', 'me', 'and', 'ask', 'to', 'meet', 'with', 'her', 'at', 'mid', 'valley', 'today', 'but', 'i', 'have', 'no', 'time', 'sigh']","one of my friend call me and ask to meet with her at mid valley today but i have no time sigh"
"21","0","@angry_barista I baked you a cake but I ated it ","I baked you a cake but I ated it","['I', 'baked', 'you', 'a', 'cake', 'but', 'I', 'ated', 'it']","['i', 'bake', 'you', 'a', 'cake', 'but', 'i', 'ate', 'it']","['i', 'bake', 'you', 'a', 'cake', 'but', 'i', 'ated', 'it']","['i', 'bake', 'you', 'a', 'cake', 'but', 'i', 'ated', 'it']","i bake you a cake but i ated it"
"22","0","this week is not going as i had hoped ","this week is not going as i had hoped","['this', 'week', 'is', 'not', 'going', 'as', 'i', 'had', 'hoped']","['thi', 'week', 'is', 'not', 'go', 'as', 'i', 'had', 'hope']","['this', 'week', 'be', 'not', 'go', 'as', 'i', 'have', 'hop']","['this', 'week', 'be', 'not', 'go', 'as', 'i', 'have', 'hop']","this week be not go as i have hop"
"23","0","blagh class at 8 tomorrow ","blagh class at 8 tomorrow","['blagh', 'class', 'at', '8', 'tomorrow']","['blagh', 'class', 'at', '8', 'tomorrow']","['blagh', 'class', 'at', '8', 'tomorrow']","['blagh', 'class', 'at', 'tomorrow']","blagh class at tomorrow"
"24","0","I hate when I have to call and wake people up ","I hate when I have to call and wake people up","['I', 'hate', 'when', 'I', 'have', 'to', 'call', 'and', 'wake', 'people', 'up']","['i', 'hate', 'when', 'i', 'have', 'to', 'call', 'and', 'wake', 'peopl', 'up']","['i', 'hate', 'when', 'i', 'have', 'to', 'call', 'and', 'wake', 'people', 'up']","['i', 'hate', 'when', 'i', 'have', 'to', 'call', 'and', 'wake', 'people', 'up']","i hate when i have to call and wake people up"
"25","0","Just going to cry myself to sleep after watching Marley and Me.  ","Just going to cry myself to sleep after watching Marley and Me.","['Just', 'going', 'to', 'cry', 'myself', 'to', 'sleep', 'after', 'watching', 'Marley', 'and', 'Me', '.']","['just', 'go', 'to', 'cri', 'myself', 'to', 'sleep', 'after', 'watch', 'marley', 'and', 'me', '.']","['just', 'go', 'to', 'cry', 'myself', 'to', 'sleep', 'after', 'watch', 'marley', 'and', 'me', '.']","['just', 'go', 'to', 'cry', 'myself', 'to', 'sleep', 'after', 'watch', 'marley', 'and', 'me']","just go to cry myself to sleep after watch marley and me"
"26","0","im sad now  Miss.Lilly","i am sad now Miss.Lilly","['i', 'am', 'sad', 'now', 'Miss.Lilly']","['i', 'am', 'sad', 'now', 'miss.lilli']","['i', 'be', 'sad', 'now', 'miss.lilly']","['i', 'be', 'sad', 'now', 'miss.lilly']","i be sad now misslilly"
"27","0","ooooh.... LOL  that leslie.... and ok I won't do it again so leslie won't  get mad again ","ooooh.... LOL that leslie.... and ok I will not do it again so leslie will not get mad again","['oooh', '...', 'LOL', 'that', 'leslie', '...', 'and', 'ok', 'I', 'will', 'not', 'do', 'it', 'again', 'so', 'leslie', 'will', 'not', 'get', 'mad', 'again']","['oooh', '...', 'lol', 'that', 'lesli', '...', 'and', 'ok', 'i', 'will', 'not', 'do', 'it', 'again', 'so', 'lesli', 'will', 'not', 'get', 'mad', 'again']","['oooh', '...', 'lol', 'that', 'leslie', '...', 'and', 'ok', 'i', 'will', 'not', 'do', 'it', 'again', 'so', 'leslie', 'will', 'not', 'get', 'mad', 'again']","['oooh', 'lol', 'that', 'leslie', 'and', 'ok', 'i', 'will', 'not', 'do', 'it', 'again', 'so', 'leslie', 'will', 'not', 'get', 'mad', 'again']","oooh lol that leslie and ok i will not do it again so leslie will not get mad again"
"28","0","Meh... Almost Lover is the exception... this track gets me depressed every time. ","Meh... Almost Lover is the exception... this track gets me depressed every time.","['Meh', '...', 'Almost', 'Lover', 'is', 'the', 'exception', '...', 'this', 'track', 'gets', 'me', 'depressed', 'every', 'time', '.']","['meh', '...', 'almost', 'lover', 'is', 'the', 'except', '...', 'thi', 'track', 'get', 'me', 'depress', 'everi', 'time', '.']","['meh', '...', 'almost', 'lover', 'be', 'the', 'exception', '...', 'this', 'track', 'get', 'me', 'depressed', 'every', 'time', '.']","['meh', 'almost', 'lover', 'be', 'the', 'exception', 'this', 'track', 'get', 'me', 'depressed', 'every', 'time']","meh almost lover be the exception this track get me depressed every time"
"29","0","some1 hacked my account on aim  now i have to make a new one","some1 hacked my account on aim now i have to make a new one","['some', '1', 'hacked', 'my', 'account', 'on', 'aim', 'now', 'i', 'have', 'to', 'make', 'a', 'new', 'one']","['some', '1', 'hack', 'my', 'account', 'on', 'aim', 'now', 'i', 'have', 'to', 'make', 'a', 'new', 'one']","['some', '1', 'hack', 'my', 'account', 'on', 'aim', 'now', 'i', 'have', 'to', 'make', 'a', 'new', 'one']","['some', 'hack', 'my', 'account', 'on', 'aim', 'now', 'i', 'have', 'to', 'make', 'a', 'new', 'one']","some hack my account on aim now i have to make a new one"
"30","0","@alielayus I want to go to promote GEAR AND GROOVE but unfornately no ride there  I may b going to the one in Anaheim in May though","I want to go to promote GEAR AND GROOVE but unfornately no ride there I may b going to the one in Anaheim in May though","['I', 'want', 'to', 'go', 'to', 'promote', 'GEAR', 'AND', 'GROOVE', 'but', 'unfornately', 'no', 'ride', 'there', 'I', 'may', 'b', 'going', 'to', 'the', 'one', 'in', 'Anaheim', 'in', 'May', 'though']","['i', 'want', 'to', 'go', 'to', 'promot', 'gear', 'and', 'groov', 'but', 'unforn', 'no', 'ride', 'there', 'i', 'may', 'b', 'go', 'to', 'the', 'one', 'in', 'anaheim', 'in', 'may', 'though']","['i', 'want', 'to', 'go', 'to', 'promote', 'gear', 'and', 'groove', 'but', 'unfornately', 'no', 'ride', 'there', 'i', 'may', 'b', 'go', 'to', 'the', 'one', 'in', 'anaheim', 'in', 'may', 'though']","['i', 'want', 'to', 'go', 'to', 'promote', 'gear', 'and', 'groove', 'but', 'unfornately', 'no', 'ride', 'there', 'i', 'may', 'b', 'go', 'to', 'the', 'one', 'in', 'anaheim', 'in', 'may', 'though']","i want to go to promote gear and groove but unfornately no ride there i may b go to the one in anaheim in may though"
"31","0","thought sleeping in was an option tomorrow but realizing that it now is not. evaluations in the morning and work in the afternoon! ","thought sleeping in was an option tomorrow but realizing that it now is not. evaluations in the morning and work in the afternoon!","['thought', 'sleeping', 'in', 'was', 'an', 'option', 'tomorrow', 'but', 'realizing', 'that', 'it', 'now', 'is', 'not', '.', 'evaluations', 'in', 'the', 'morning', 'and', 'work', 'in', 'the', 'afternoon', '!']","['thought', 'sleep', 'in', 'wa', 'an', 'option', 'tomorrow', 'but', 'realiz', 'that', 'it', 'now', 'is', 'not', '.', 'evalu', 'in', 'the', 'morn', 'and', 'work', 'in', 'the', 'afternoon', '!']","['think', 'sleep', 'in', 'be', 'an', 'option', 'tomorrow', 'but', 'realize', 'that', 'it', 'now', 'be', 'not', '.', 'evaluation', 'in', 'the', 'morning', 'and', 'work', 'in', 'the', 'afternoon', '!']","['think', 'sleep', 'in', 'be', 'an', 'option', 'tomorrow', 'but', 'realize', 'that', 'it', 'now', 'be', 'not', 'evaluation', 'in', 'the', 'morning', 'and', 'work', 'in', 'the', 'afternoon']","think sleep in be an option tomorrow but realize that it now be not evaluation in the morning and work in the afternoon"
"32","0","@julieebaby awe i love you too!!!! 1 am here  i miss you","awe i love you too!!!! 1 am here i miss you","['awe', 'i', 'love', 'you', 'too', '!', '!', '!', '1', 'am', 'here', 'i', 'miss', 'you']","['awe', 'i', 'love', 'you', 'too', '!', '!', '!', '1', 'am', 'here', 'i', 'miss', 'you']","['awe', 'i', 'love', 'you', 'too', '!', '!', '!', '1', 'be', 'here', 'i', 'miss', 'you']","['awe', 'i', 'love', 'you', 'too', 'be', 'here', 'i', 'miss', 'you']","awe i love you too be here i miss you"
"33","0","@HumpNinja I cry my asian eyes to sleep at night ","I cry my asian eyes to sleep at night","['I', 'cry', 'my', 'asian', 'eyes', 'to', 'sleep', 'at', 'night']","['i', 'cri', 'my', 'asian', 'eye', 'to', 'sleep', 'at', 'night']","['i', 'cry', 'my', 'asian', 'eye', 'to', 'sleep', 'at', 'night']","['i', 'cry', 'my', 'asian', 'eye', 'to', 'sleep', 'at', 'night']","i cry my asian eye to sleep at night"
"34","0","ok I'm sick and spent an hour sitting in the shower cause I was too sick to stand and held back the puke like a champ. BED now ","ok I am sick and spent an hour sitting in the shower because I was too sick to stand and held back the puke like a champ. BED now","['ok', 'I', 'am', 'sick', 'and', 'spent', 'an', 'hour', 'sitting', 'in', 'the', 'shower', 'because', 'I', 'was', 'too', 'sick', 'to', 'stand', 'and', 'held', 'back', 'the', 'puke', 'like', 'a', 'champ', '.', 'BED', 'now']","['ok', 'i', 'am', 'sick', 'and', 'spent', 'an', 'hour', 'sit', 'in', 'the', 'shower', 'becaus', 'i', 'wa', 'too', 'sick', 'to', 'stand', 'and', 'held', 'back', 'the', 'puke', 'like', 'a', 'champ', '.', 'bed', 'now']","['ok', 'i', 'be', 'sick', 'and', 'spend', 'an', 'hour', 'sit', 'in', 'the', 'shower', 'because', 'i', 'be', 'too', 'sick', 'to', 'stand', 'and', 'hold', 'back', 'the', 'puke', 'like', 'a', 'champ', '.', 'bed', 'now']","['ok', 'i', 'be', 'sick', 'and', 'spend', 'an', 'hour', 'sit', 'in', 'the', 'shower', 'because', 'i', 'be', 'too', 'sick', 'to', 'stand', 'and', 'hold', 'back', 'the', 'puke', 'like', 'a', 'champ', 'bed', 'now']","ok i be sick and spend an hour sit in the shower because i be too sick to stand and hold back the puke like a champ bed now"
"35","0","@cocomix04 ill tell ya the story later  not a good day and ill be workin for like three more hours...","ill tell ya the story later not a good day and ill be workin for like three more hours...","['ill', 'tell', 'ya', 'the', 'story', 'later', 'not', 'a', 'good', 'day', 'and', 'ill', 'be', 'workin', 'for', 'like', 'three', 'more', 'hours', '...']","['ill', 'tell', 'ya', 'the', 'stori', 'later', 'not', 'a', 'good', 'day', 'and', 'ill', 'be', 'workin', 'for', 'like', 'three', 'more', 'hour', '...']","['ill', 'tell', 'ya', 'the', 'story', 'later', 'not', 'a', 'good', 'day', 'and', 'ill', 'be', 'workin', 'for', 'like', 'three', 'more', 'hour', '...']","['ill', 'tell', 'ya', 'the', 'story', 'later', 'not', 'a', 'good', 'day', 'and', 'ill', 'be', 'workin', 'for', 'like', 'three', 'more', 'hour']","ill tell ya the story later not a good day and ill be workin for like three more hour"
"36","0","@MissXu sorry! bed time came here (GMT+1)   http://is.gd/fNge","sorry! bed time came here (GMT+1)","['sorry', '!', 'bed', 'time', 'came', 'here', '(', 'GMT', '+', '1', ')']","['sorri', '!', 'bed', 'time', 'came', 'here', '(', 'gmt', '+', '1', ')']","['sorry', '!', 'bed', 'time', 'come', 'here', '(', 'gmt', '+', '1', ')']","['sorry', 'bed', 'time', 'come', 'here', 'gmt']","sorry bed time come here gmt"
"37","0","@fleurylis I don't either. Its depressing. I don't think I even want to know about the kids in suitcases. ","I do not either. Its depressing. I do not think I even want to know about the kids in suitcases.","['I', 'do', 'not', 'either', '.', 'Its', 'depressing', '.', 'I', 'do', 'not', 'think', 'I', 'even', 'want', 'to', 'know', 'about', 'the', 'kids', 'in', 'suitcases', '.']","['i', 'do', 'not', 'either', '.', 'it', 'depress', '.', 'i', 'do', 'not', 'think', 'i', 'even', 'want', 'to', 'know', 'about', 'the', 'kid', 'in', 'suitcas', '.']","['i', 'do', 'not', 'either', '.', 'its', 'depressing', '.', 'i', 'do', 'not', 'think', 'i', 'even', 'want', 'to', 'know', 'about', 'the', 'kid', 'in', 'suitcase', '.']","['i', 'do', 'not', 'either', 'its', 'depressing', 'i', 'do', 'not', 'think', 'i', 'even', 'want', 'to', 'know', 'about', 'the', 'kid', 'in', 'suitcase']","i do not either its depressing i do not think i even want to know about the kid in suitcase"
"38","0","Bed. Class 8-12. Work 12-3. Gym 3-5 or 6. Then class 6-10. Another day that's gonna fly by. I miss my girlfriend ","Bed. Class 8-12. Work 12-3. Gym 3-5 or 6. Then class 6-10. Another day that is going to fly by. I miss my girlfriend","['Bed', '.', 'Class', '8-12', '.', 'Work', '12-3', '.', 'Gym', '3-5', 'or', '6', '.', 'Then', 'class', '6-10', '.', 'Another', 'day', 'that', 'is', 'going', 'to', 'fly', 'by', '.', 'I', 'miss', 'my', 'girlfriend']","['bed', '.', 'class', '8-12', '.', 'work', '12-3', '.', 'gym', '3-5', 'or', '6', '.', 'then', 'class', '6-10', '.', 'anoth', 'day', 'that', 'is', 'go', 'to', 'fli', 'by', '.', 'i', 'miss', 'my', 'girlfriend']","['bed', '.', 'class', '8-12', '.', 'work', '12-3', '.', 'gym', '3-5', 'or', '6', '.', 'then', 'class', '6-10', '.', 'another', 'day', 'that', 'be', 'go', 'to', 'fly', 'by', '.', 'i', 'miss', 'my', 'girlfriend']","['bed', 'class', 'work', 'gym', 'or', 'then', 'class', 'another', 'day', 'that', 'be', 'go', 'to', 'fly', 'by', 'i', 'miss', 'my', 'girlfriend']","bed class work gym or then class another day that be go to fly by i miss my girlfriend"
"39","0","really don't feel like getting up today... but got to study to for tomorrows practical exam... ","really do not feel like getting up today... but got to study to for tomorrows practical exam...","['really', 'do', 'not', 'feel', 'like', 'getting', 'up', 'today', '...', 'but', 'got', 'to', 'study', 'to', 'for', 'tomorrows', 'practical', 'exam', '...']","['realli', 'do', 'not', 'feel', 'like', 'get', 'up', 'today', '...', 'but', 'got', 'to', 'studi', 'to', 'for', 'tomorrow', 'practic', 'exam', '...']","['really', 'do', 'not', 'feel', 'like', 'get', 'up', 'today', '...', 'but', 'get', 'to', 'study', 'to', 'for', 'tomorrow', 'practical', 'exam', '...']","['really', 'do', 'not', 'feel', 'like', 'get', 'up', 'today', 'but', 'get', 'to', 'study', 'to', 'for', 'tomorrow', 'practical', 'exam']","really do not feel like get up today but get to study to for tomorrow practical exam"
"40","0","He's the reason for the teardrops on my guitar the only one who has enough of me to break my heart ","He is the reason for the teardrops on my guitar the only one who has enough of me to break my heart","['He', 'is', 'the', 'reason', 'for', 'the', 'teardrops', 'on', 'my', 'guitar', 'the', 'only', 'one', 'who', 'has', 'enough', 'of', 'me', 'to', 'break', 'my', 'heart']","['he', 'is', 'the', 'reason', 'for', 'the', 'teardrop', 'on', 'my', 'guitar', 'the', 'onli', 'one', 'who', 'ha', 'enough', 'of', 'me', 'to', 'break', 'my', 'heart']","['he', 'be', 'the', 'reason', 'for', 'the', 'teardrop', 'on', 'my', 'guitar', 'the', 'only', 'one', 'who', 'have', 'enough', 'of', 'me', 'to', 'break', 'my', 'heart']","['he', 'be', 'the', 'reason', 'for', 'the', 'teardrop', 'on', 'my', 'guitar', 'the', 'only', 'one', 'who', 'have', 'enough', 'of', 'me', 'to', 'break', 'my', 'heart']","he be the reason for the teardrop on my guitar the only one who have enough of me to break my heart"
"41","0","Sad, sad, sad. I don't know why but I hate this feeling  I wanna sleep and I still can't!","Sad, sad, sad. I do not know why but I hate this feeling I want to sleep and I still cannot!","['Sad', ',', 'sad', ',', 'sad', '.', 'I', 'do', 'not', 'know', 'why', 'but', 'I', 'hate', 'this', 'feeling', 'I', 'want', 'to', 'sleep', 'and', 'I', 'still', 'cannot', '!']","['sad', ',', 'sad', ',', 'sad', '.', 'i', 'do', 'not', 'know', 'whi', 'but', 'i', 'hate', 'thi', 'feel', 'i', 'want', 'to', 'sleep', 'and', 'i', 'still', 'cannot', '!']","['sad', ',', 'sad', ',', 'sad', '.', 'i', 'do', 'not', 'know', 'why', 'but', 'i', 'hate', 'this', 'feeling', 'i', 'want', 'to', 'sleep', 'and', 'i', 'still', 'cannot', '!']","['sad', 'sad', 'sad', 'i', 'do', 'not', 'know', 'why', 'but', 'i', 'hate', 'this', 'feeling', 'i', 'want', 'to', 'sleep', 'and', 'i', 'still', 'cannot']","sad sad sad i do not know why but i hate this feeling i want to sleep and i still cannot"
"42","0","@JonathanRKnight Awww I soo wish I was there to see you finally comfortable! Im sad that I missed it ","Awww I soo wish I was there to see you finally comfortable! I Am sad that I missed it","['Awww', 'I', 'soo', 'wish', 'I', 'was', 'there', 'to', 'see', 'you', 'finally', 'comfortable', '!', 'I', 'Am', 'sad', 'that', 'I', 'missed', 'it']","['awww', 'i', 'soo', 'wish', 'i', 'wa', 'there', 'to', 'see', 'you', 'final', 'comfort', '!', 'i', 'am', 'sad', 'that', 'i', 'miss', 'it']","['awww', 'i', 'soo', 'wish', 'i', 'be', 'there', 'to', 'see', 'you', 'finally', 'comfortable', '!', 'i', 'be', 'sad', 'that', 'i', 'miss', 'it']","['awww', 'i', 'soo', 'wish', 'i', 'be', 'there', 'to', 'see', 'you', 'finally', 'comfortable', 'i', 'be', 'sad', 'that', 'i', 'miss', 'it']","awww i soo wish i be there to see you finally comfortable i be sad that i miss it"
"43","0","Falling asleep. Just heard about that Tracy girl's body being found. How sad  My heart breaks for that family.","Falling asleep. Just heard about that Tracy girl's body being found. How sad My heart breaks for that family.","['Falling', 'asleep', '.', 'Just', 'heard', 'about', 'that', 'Tracy', ""girl's"", 'body', 'being', 'found', '.', 'How', 'sad', 'My', 'heart', 'breaks', 'for', 'that', 'family', '.']","['fall', 'asleep', '.', 'just', 'heard', 'about', 'that', 'traci', ""girl'"", 'bodi', 'be', 'found', '.', 'how', 'sad', 'my', 'heart', 'break', 'for', 'that', 'famili', '.']","['fall', 'asleep', '.', 'just', 'hear', 'about', 'that', 'tracy', ""girl's"", 'body', 'be', 'find', '.', 'how', 'sad', 'my', 'heart', 'break', 'for', 'that', 'family', '.']","['fall', 'asleep', 'just', 'hear', 'about', 'that', 'tracy', ""girl's"", 'body', 'be', 'find', 'how', 'sad', 'my', 'heart', 'break', 'for', 'that', 'family']","fall asleep just hear about that tracy girls body be find how sad my heart break for that family"
"44","0","@Viennah Yay! I'm happy for you with your job! But that also means less time for me and you... ","Yay! I am happy for you with your job! But that also means less time for me and you...","['Yay', '!', 'I', 'am', 'happy', 'for', 'you', 'with', 'your', 'job', '!', 'But', 'that', 'also', 'means', 'less', 'time', 'for', 'me', 'and', 'you', '...']","['yay', '!', 'i', 'am', 'happi', 'for', 'you', 'with', 'your', 'job', '!', 'but', 'that', 'also', 'mean', 'less', 'time', 'for', 'me', 'and', 'you', '...']","['yay', '!', 'i', 'be', 'happy', 'for', 'you', 'with', 'your', 'job', '!', 'but', 'that', 'also', 'mean', 'less', 'time', 'for', 'me', 'and', 'you', '...']","['yay', 'i', 'be', 'happy', 'for', 'you', 'with', 'your', 'job', 'but', 'that', 'also', 'mean', 'less', 'time', 'for', 'me', 'and', 'you']","yay i be happy for you with your job but that also mean less time for me and you"
"45","0","Just checked my user timeline on my blackberry, it looks like the twanking is still happening  Are ppl still having probs w/ BGs and UIDs?","Just checked my user timeline on my blackberry, it looks like the twanking is still happening Are people still having probs w/ BGs and UIDs?","['Just', 'checked', 'my', 'user', 'timeline', 'on', 'my', 'blackberry', ',', 'it', 'looks', 'like', 'the', 'twanking', 'is', 'still', 'happening', 'Are', 'people', 'still', 'having', 'probs', 'w', '/', 'BGs', 'and', 'UIDs', '?']","['just', 'check', 'my', 'user', 'timelin', 'on', 'my', 'blackberri', ',', 'it', 'look', 'like', 'the', 'twank', 'is', 'still', 'happen', 'are', 'peopl', 'still', 'have', 'prob', 'w', '/', 'bg', 'and', 'uid', '?']","['just', 'check', 'my', 'user', 'timeline', 'on', 'my', 'blackberry', ',', 'it', 'look', 'like', 'the', 'twanking', 'be', 'still', 'happen', 'be', 'people', 'still', 'have', 'probs', 'w', '/', 'bgs', 'and', 'uids', '?']","['just', 'check', 'my', 'user', 'timeline', 'on', 'my', 'blackberry', 'it', 'look', 'like', 'the', 'twanking', 'be', 'still', 'happen', 'be', 'people', 'still', 'have', 'probs', 'w', 'bgs', 'and', 'uids']","just check my user timeline on my blackberry it look like the twanking be still happen be people still have probs w bgs and uids"
"46","0","Oh man...was ironing @jeancjumbe's fave top to wear to a meeting. Burnt it ","Oh man...was ironing 's fave top to wear to a meeting. Burnt it","['Oh', 'man', '...', 'was', 'ironing', ""'"", 's', 'fave', 'top', 'to', 'wear', 'to', 'a', 'meeting', '.', 'Burnt', 'it']","['oh', 'man', '...', 'wa', 'iron', ""'"", 's', 'fave', 'top', 'to', 'wear', 'to', 'a', 'meet', '.', 'burnt', 'it']","['oh', 'man', '...', 'be', 'iron', ""'"", 's', 'fave', 'top', 'to', 'wear', 'to', 'a', 'meeting', '.', 'burnt', 'it']","['oh', 'man', 'be', 'iron', 's', 'fave', 'top', 'to', 'wear', 'to', 'a', 'meeting', 'burnt', 'it']","oh man be iron s fave top to wear to a meeting burnt it"
"47","0","is strangely sad about LiLo and SamRo breaking up. ","is strangely sad about LiLo and SamRo breaking up.","['is', 'strangely', 'sad', 'about', 'LiLo', 'and', 'SamRo', 'breaking', 'up', '.']","['is', 'strang', 'sad', 'about', 'lilo', 'and', 'samro', 'break', 'up', '.']","['be', 'strangely', 'sad', 'about', 'lilo', 'and', 'samro', 'break', 'up', '.']","['be', 'strangely', 'sad', 'about', 'lilo', 'and', 'samro', 'break', 'up']","be strangely sad about lilo and samro break up"
"48","0","@tea oh! i'm so sorry  i didn't think about that before retweeting.","oh! i am so sorry i did not think about that before retweeting.","['oh', '!', 'i', 'am', 'so', 'sorry', 'i', 'did', 'not', 'think', 'about', 'that', 'before', 'retweeting', '.']","['oh', '!', 'i', 'am', 'so', 'sorri', 'i', 'did', 'not', 'think', 'about', 'that', 'befor', 'retweet', '.']","['oh', '!', 'i', 'be', 'so', 'sorry', 'i', 'do', 'not', 'think', 'about', 'that', 'before', 'retweeting', '.']","['oh', 'i', 'be', 'so', 'sorry', 'i', 'do', 'not', 'think', 'about', 'that', 'before', 'retweeting']","oh i be so sorry i do not think about that before retweeting"
"49","0","Broadband plan 'a massive broken promise' http://tinyurl.com/dcuc33 via www.diigo.com/~tautao Still waiting for broadband we are ","Broadband plan 'a massive broken promise' via www.diigo.com/~tautao Still waiting for broadband we are","['Broadband', 'plan', ""'"", 'a', 'massive', 'broken', 'promise', ""'"", 'via', 'www.diigo.com/~tautao', 'Still', 'waiting', 'for', 'broadband', 'we', 'are']","['broadband', 'plan', ""'"", 'a', 'massiv', 'broken', 'promis', ""'"", 'via', 'www.diigo.com/~tautao', 'still', 'wait', 'for', 'broadband', 'we', 'are']","['broadband', 'plan', ""'"", 'a', 'massive', 'broken', 'promise', ""'"", 'via', 'www.diigo.com/~tautao', 'still', 'wait', 'for', 'broadband', 'we', 'be']","['broadband', 'plan', 'a', 'massive', 'broken', 'promise', 'via', 'www.diigo.com/~tautao', 'still', 'wait', 'for', 'broadband', 'we', 'be']","broadband plan a massive broken promise via wwwdiigocomtautao still wait for broadband we be"
"50","0","@localtweeps Wow, tons of replies from you, may have to unfollow so I can see my friends' tweets, you're scrolling the feed a lot. ","Wow, tons of replies from you, may have to unfollow so I can see my friends' tweets, you are scrolling the feed a lot.","['Wow', ',', 'tons', 'of', 'replies', 'from', 'you', ',', 'may', 'have', 'to', 'unfollow', 'so', 'I', 'can', 'see', 'my', 'friends', ""'"", 'tweets', ',', 'you', 'are', 'scrolling', 'the', 'feed', 'a', 'lot', '.']","['wow', ',', 'ton', 'of', 'repli', 'from', 'you', ',', 'may', 'have', 'to', 'unfollow', 'so', 'i', 'can', 'see', 'my', 'friend', ""'"", 'tweet', ',', 'you', 'are', 'scroll', 'the', 'feed', 'a', 'lot', '.']","['wow', ',', 'ton', 'of', 'reply', 'from', 'you', ',', 'may', 'have', 'to', 'unfollow', 'so', 'i', 'can', 'see', 'my', 'friend', ""'"", 'tweet', ',', 'you', 'be', 'scroll', 'the', 'feed', 'a', 'lot', '.']","['wow', 'ton', 'of', 'reply', 'from', 'you', 'may', 'have', 'to', 'unfollow', 'so', 'i', 'can', 'see', 'my', 'friend', 'tweet', 'you', 'be', 'scroll', 'the', 'feed', 'a', 'lot']","wow ton of reply from you may have to unfollow so i can see my friend tweet you be scroll the feed a lot"
"51","0","our duck and chicken are taking wayyy too long to hatch ","our duck and chicken are taking wayyy too long to hatch","['our', 'duck', 'and', 'chicken', 'are', 'taking', 'wayyy', 'too', 'long', 'to', 'hatch']","['our', 'duck', 'and', 'chicken', 'are', 'take', 'wayyy', 'too', 'long', 'to', 'hatch']","['our', 'duck', 'and', 'chicken', 'be', 'take', 'wayyy', 'too', 'long', 'to', 'hatch']","['our', 'duck', 'and', 'chicken', 'be', 'take', 'wayyy', 'too', 'long', 'to', 'hatch']","our duck and chicken be take wayyy too long to hatch"
"52","0","Put vacation photos online a few yrs ago. PC crashed, and now I forget the name of the site. ","Put vacation photos online a few yrs ago. PC crashed, and now I forget the name of the site.","['Put', 'vacation', 'photos', 'online', 'a', 'few', 'yrs', 'ago', '.', 'PC', 'crashed', ',', 'and', 'now', 'I', 'forget', 'the', 'name', 'of', 'the', 'site', '.']","['put', 'vacat', 'photo', 'onlin', 'a', 'few', 'yr', 'ago', '.', 'pc', 'crash', ',', 'and', 'now', 'i', 'forget', 'the', 'name', 'of', 'the', 'site', '.']","['put', 'vacation', 'photo', 'online', 'a', 'few', 'yr', 'ago', '.', 'pc', 'crash', ',', 'and', 'now', 'i', 'forget', 'the', 'name', 'of', 'the', 'site', '.']","['put', 'vacation', 'photo', 'online', 'a', 'few', 'yr', 'ago', 'pc', 'crash', 'and', 'now', 'i', 'forget', 'the', 'name', 'of', 'the', 'site']","put vacation photo online a few yr ago pc crash and now i forget the name of the site"
"53","0","I need a hug ","I need a hug","['I', 'need', 'a', 'hug']","['i', 'need', 'a', 'hug']","['i', 'need', 'a', 'hug']","['i', 'need', 'a', 'hug']","i need a hug"
"54","0","@andywana Not sure what they are, only that they are PoS! As much as I want to, I dont think can trade away company assets sorry andy! ","Not sure what they are, only that they are PoS! As much as I want to, I do not think can trade away company assets sorry andy!","['Not', 'sure', 'what', 'they', 'are', ',', 'only', 'that', 'they', 'are', 'PoS', '!', 'As', 'much', 'as', 'I', 'want', 'to', ',', 'I', 'do', 'not', 'think', 'can', 'trade', 'away', 'company', 'assets', 'sorry', 'andy', '!']","['not', 'sure', 'what', 'they', 'are', ',', 'onli', 'that', 'they', 'are', 'po', '!', 'as', 'much', 'as', 'i', 'want', 'to', ',', 'i', 'do', 'not', 'think', 'can', 'trade', 'away', 'compani', 'asset', 'sorri', 'andi', '!']","['not', 'sure', 'what', 'they', 'be', ',', 'only', 'that', 'they', 'be', 'pos', '!', 'as', 'much', 'as', 'i', 'want', 'to', ',', 'i', 'do', 'not', 'think', 'can', 'trade', 'away', 'company', 'asset', 'sorry', 'andy', '!']","['not', 'sure', 'what', 'they', 'be', 'only', 'that', 'they', 'be', 'pos', 'as', 'much', 'as', 'i', 'want', 'to', 'i', 'do', 'not', 'think', 'can', 'trade', 'away', 'company', 'asset', 'sorry', 'andy']","not sure what they be only that they be pos as much as i want to i do not think can trade away company asset sorry andy"
"55","0","@oanhLove I hate when that happens... ","I hate when that happens...","['I', 'hate', 'when', 'that', 'happens', '...']","['i', 'hate', 'when', 'that', 'happen', '...']","['i', 'hate', 'when', 'that', 'happen', '...']","['i', 'hate', 'when', 'that', 'happen']","i hate when that happen"
"56","0","I have a sad feeling that Dallas is not going to show up  I gotta say though, you'd think more shows would use music from the game. mmm","I have a sad feeling that Dallas is not going to show up I got to say though, you would think more shows would use music from the game. mmm","['I', 'have', 'a', 'sad', 'feeling', 'that', 'Dallas', 'is', 'not', 'going', 'to', 'show', 'up', 'I', 'got', 'to', 'say', 'though', ',', 'you', 'would', 'think', 'more', 'shows', 'would', 'use', 'music', 'from', 'the', 'game', '.', 'mmm']","['i', 'have', 'a', 'sad', 'feel', 'that', 'dalla', 'is', 'not', 'go', 'to', 'show', 'up', 'i', 'got', 'to', 'say', 'though', ',', 'you', 'would', 'think', 'more', 'show', 'would', 'use', 'music', 'from', 'the', 'game', '.', 'mmm']","['i', 'have', 'a', 'sad', 'feeling', 'that', 'dallas', 'be', 'not', 'go', 'to', 'show', 'up', 'i', 'get', 'to', 'say', 'though', ',', 'you', 'would', 'think', 'more', 'show', 'would', 'use', 'music', 'from', 'the', 'game', '.', 'mmm']","['i', 'have', 'a', 'sad', 'feeling', 'that', 'dallas', 'be', 'not', 'go', 'to', 'show', 'up', 'i', 'get', 'to', 'say', 'though', 'you', 'would', 'think', 'more', 'show', 'would', 'use', 'music', 'from', 'the', 'game', 'mmm']","i have a sad feeling that dallas be not go to show up i get to say though you would think more show would use music from the game mmm"
"57","0","Ugh....92 degrees tomorrow ","Ugh....92 degrees tomorrow","['Ugh', '...', '92', 'degrees', 'tomorrow']","['ugh', '...', '92', 'degre', 'tomorrow']","['ugh', '...', '92', 'degree', 'tomorrow']","['ugh', 'degree', 'tomorrow']","ugh degree tomorrow"
"58","0","Where did u move to?  I thought u were already in sd. ?? Hmmm. Random u found me. Glad to hear yer doing well.","Where did you move to? I thought you were already in sd. ?? Hmmm. Random you found me. Glad to hear yer doing well.","['Where', 'did', 'you', 'move', 'to', '?', 'I', 'thought', 'you', 'were', 'already', 'in', 'sd', '.', '?', '?', 'Hmmm', '.', 'Random', 'you', 'found', 'me', '.', 'Glad', 'to', 'hear', 'yer', 'doing', 'well', '.']","['where', 'did', 'you', 'move', 'to', '?', 'i', 'thought', 'you', 'were', 'alreadi', 'in', 'sd', '.', '?', '?', 'hmmm', '.', 'random', 'you', 'found', 'me', '.', 'glad', 'to', 'hear', 'yer', 'do', 'well', '.']","['where', 'do', 'you', 'move', 'to', '?', 'i', 'think', 'you', 'be', 'already', 'in', 'sd', '.', '?', '?', 'hmmm', '.', 'random', 'you', 'find', 'me', '.', 'glad', 'to', 'hear', 'yer', 'do', 'well', '.']","['where', 'do', 'you', 'move', 'to', 'i', 'think', 'you', 'be', 'already', 'in', 'sd', 'hmmm', 'random', 'you', 'find', 'me', 'glad', 'to', 'hear', 'yer', 'do', 'well']","where do you move to i think you be already in sd hmmm random you find me glad to hear yer do well"
"59","0","@BatManYNG I miss my ps3, it's out of commission  Wutcha playing? Have you copped 'Blood On The Sand'?","I miss my ps3, it is out of commission Wutcha playing? Have you copped 'Blood On The Sand'?","['I', 'miss', 'my', 'ps3', ',', 'it', 'is', 'out', 'of', 'commission', 'Wutcha', 'playing', '?', 'Have', 'you', 'copped', ""'"", 'Blood', 'On', 'The', 'Sand', ""'"", '?']","['i', 'miss', 'my', 'ps3', ',', 'it', 'is', 'out', 'of', 'commiss', 'wutcha', 'play', '?', 'have', 'you', 'cop', ""'"", 'blood', 'on', 'the', 'sand', ""'"", '?']","['i', 'miss', 'my', 'ps3', ',', 'it', 'be', 'out', 'of', 'commission', 'wutcha', 'playing', '?', 'have', 'you', 'cop', ""'"", 'blood', 'on', 'the', 'sand', ""'"", '?']","['i', 'miss', 'my', 'ps3', 'it', 'be', 'out', 'of', 'commission', 'wutcha', 'playing', 'have', 'you', 'cop', 'blood', 'on', 'the', 'sand']","i miss my ps it be out of commission wutcha playing have you cop blood on the sand"
"60","0","just leaving the parking lot of work! ","just leaving the parking lot of work!","['just', 'leaving', 'the', 'parking', 'lot', 'of', 'work', '!']","['just', 'leav', 'the', 'park', 'lot', 'of', 'work', '!']","['just', 'leave', 'the', 'parking', 'lot', 'of', 'work', '!']","['just', 'leave', 'the', 'parking', 'lot', 'of', 'work']","just leave the parking lot of work"
"61","0","The Life is cool. But not for Me. ","The Life is cool. But not for Me.","['The', 'Life', 'is', 'cool', '.', 'But', 'not', 'for', 'Me', '.']","['the', 'life', 'is', 'cool', '.', 'but', 'not', 'for', 'me', '.']","['the', 'life', 'be', 'cool', '.', 'but', 'not', 'for', 'me', '.']","['the', 'life', 'be', 'cool', 'but', 'not', 'for', 'me']","the life be cool but not for me"
"62","0","Sadly though, I've never gotten to experience the post coitus cigarette before, and now I never will. ","Sadly though, I have never gotten to experience the post coitus cigarette before, and now I never will.","['Sadly', 'though', ',', 'I', 'have', 'never', 'gotten', 'to', 'experience', 'the', 'post', 'coitus', 'cigarette', 'before', ',', 'and', 'now', 'I', 'never', 'will', '.']","['sadli', 'though', ',', 'i', 'have', 'never', 'gotten', 'to', 'experi', 'the', 'post', 'coitu', 'cigarett', 'befor', ',', 'and', 'now', 'i', 'never', 'will', '.']","['sadly', 'though', ',', 'i', 'have', 'never', 'get', 'to', 'experience', 'the', 'post', 'coitus', 'cigarette', 'before', ',', 'and', 'now', 'i', 'never', 'will', '.']","['sadly', 'though', 'i', 'have', 'never', 'get', 'to', 'experience', 'the', 'post', 'coitus', 'cigarette', 'before', 'and', 'now', 'i', 'never', 'will']","sadly though i have never get to experience the post coitus cigarette before and now i never will"
"63","0","I had such a nice day. Too bad the rain comes in tomorrow at 5am ","I had such a nice day. Too bad the rain comes in tomorrow at 5am","['I', 'had', 'such', 'a', 'nice', 'day', '.', 'Too', 'bad', 'the', 'rain', 'comes', 'in', 'tomorrow', 'at', '5am']","['i', 'had', 'such', 'a', 'nice', 'day', '.', 'too', 'bad', 'the', 'rain', 'come', 'in', 'tomorrow', 'at', '5am']","['i', 'have', 'such', 'a', 'nice', 'day', '.', 'too', 'bad', 'the', 'rain', 'come', 'in', 'tomorrow', 'at', '5am']","['i', 'have', 'such', 'a', 'nice', 'day', 'too', 'bad', 'the', 'rain', 'come', 'in', 'tomorrow', 'at']","i have such a nice day too bad the rain come in tomorrow at"
"64","0","@Starrbby too bad I won't be around I lost my job and can't even pay my phone bill lmao aw shucks ","too bad I will not be around I lost my job and cannot even pay my phone bill lmao aw shucks","['too', 'bad', 'I', 'will', 'not', 'be', 'around', 'I', 'lost', 'my', 'job', 'and', 'cannot', 'even', 'pay', 'my', 'phone', 'bill', 'lmao', 'aw', 'shucks']","['too', 'bad', 'i', 'will', 'not', 'be', 'around', 'i', 'lost', 'my', 'job', 'and', 'cannot', 'even', 'pay', 'my', 'phone', 'bill', 'lmao', 'aw', 'shuck']","['too', 'bad', 'i', 'will', 'not', 'be', 'around', 'i', 'lose', 'my', 'job', 'and', 'cannot', 'even', 'pay', 'my', 'phone', 'bill', 'lmao', 'aw', 'shuck']","['too', 'bad', 'i', 'will', 'not', 'be', 'around', 'i', 'lose', 'my', 'job', 'and', 'cannot', 'even', 'pay', 'my', 'phone', 'bill', 'lmao', 'aw', 'shuck']","too bad i will not be around i lose my job and cannot even pay my phone bill lmao aw shuck"
"65","0","Damm back to school tomorrow ","Damm back to school tomorrow","['Damm', 'back', 'to', 'school', 'tomorrow']","['damm', 'back', 'to', 'school', 'tomorrow']","['damm', 'back', 'to', 'school', 'tomorrow']","['damm', 'back', 'to', 'school', 'tomorrow']","damm back to school tomorrow"
"66","0","Mo jobs, no money.  how in the hell is min wage here 4 f'n clams an hour?","Mo jobs, no money. how in the hell is min wage here 4 f'n clams an hour?","['Mo', 'jobs', ',', 'no', 'money', '.', 'how', 'in', 'the', 'hell', 'is', 'min', 'wage', 'here', '4', ""f'n"", 'clams', 'an', 'hour', '?']","['mo', 'job', ',', 'no', 'money', '.', 'how', 'in', 'the', 'hell', 'is', 'min', 'wage', 'here', '4', ""f'n"", 'clam', 'an', 'hour', '?']","['mo', 'job', ',', 'no', 'money', '.', 'how', 'in', 'the', 'hell', 'be', 'min', 'wage', 'here', '4', ""f'n"", 'clam', 'an', 'hour', '?']","['mo', 'job', 'no', 'money', 'how', 'in', 'the', 'hell', 'be', 'min', 'wage', 'here', ""f'n"", 'clam', 'an', 'hour']","mo job no money how in the hell be min wage here fn clam an hour"
"67","0","@katortiz  Not forever... See you soon!","Not forever... See you soon!","['Not', 'forever', '...', 'See', 'you', 'soon', '!']","['not', 'forev', '...', 'see', 'you', 'soon', '!']","['not', 'forever', '...', 'see', 'you', 'soon', '!']","['not', 'forever', 'see', 'you', 'soon']","not forever see you soon"
"68","0","@Lt_Algonquin agreed, I saw the failwhale allllll day today. ","agreed, I saw the failwhale allllll day today.","['agreed', ',', 'I', 'saw', 'the', 'failwhale', 'alll', 'day', 'today', '.']","['agre', ',', 'i', 'saw', 'the', 'failwhal', 'alll', 'day', 'today', '.']","['agree', ',', 'i', 'saw', 'the', 'failwhale', 'alll', 'day', 'today', '.']","['agree', 'i', 'saw', 'the', 'failwhale', 'alll', 'day', 'today']","agree i saw the failwhale alll day today"
"69","0","@jdarter Oh! Haha... dude I dont really look at em unless someone says HEY I ADDED YOU. Sorry  I'm so terrible at that. I need a pop up!","Oh! Haha... dude I do not really look at them unless someone says HEY I ADDED YOU. Sorry I am so terrible at that. I need a pop up!","['Oh', '!', 'Haha', '...', 'dude', 'I', 'do', 'not', 'really', 'look', 'at', 'them', 'unless', 'someone', 'says', 'HEY', 'I', 'ADDED', 'YOU', '.', 'Sorry', 'I', 'am', 'so', 'terrible', 'at', 'that', '.', 'I', 'need', 'a', 'pop', 'up', '!']","['oh', '!', 'haha', '...', 'dude', 'i', 'do', 'not', 'realli', 'look', 'at', 'them', 'unless', 'someon', 'say', 'hey', 'i', 'ad', 'you', '.', 'sorri', 'i', 'am', 'so', 'terribl', 'at', 'that', '.', 'i', 'need', 'a', 'pop', 'up', '!']","['oh', '!', 'haha', '...', 'dude', 'i', 'do', 'not', 'really', 'look', 'at', 'them', 'unless', 'someone', 'say', 'hey', 'i', 'add', 'you', '.', 'sorry', 'i', 'be', 'so', 'terrible', 'at', 'that', '.', 'i', 'need', 'a', 'pop', 'up', '!']","['oh', 'haha', 'dude', 'i', 'do', 'not', 'really', 'look', 'at', 'them', 'unless', 'someone', 'say', 'hey', 'i', 'add', 'you', 'sorry', 'i', 'be', 'so', 'terrible', 'at', 'that', 'i', 'need', 'a', 'pop', 'up']","oh haha dude i do not really look at them unless someone say hey i add you sorry i be so terrible at that i need a pop up"
"70","0","@ninjen I'm sure you're right...    I need to start working out with you and the Nikster... Or Jared at least!","I am sure you are right... I need to start working out with you and the Nikster... Or Jared at least!","['I', 'am', 'sure', 'you', 'are', 'right', '...', 'I', 'need', 'to', 'start', 'working', 'out', 'with', 'you', 'and', 'the', 'Nikster', '...', 'Or', 'Jared', 'at', 'least', '!']","['i', 'am', 'sure', 'you', 'are', 'right', '...', 'i', 'need', 'to', 'start', 'work', 'out', 'with', 'you', 'and', 'the', 'nikster', '...', 'or', 'jare', 'at', 'least', '!']","['i', 'be', 'sure', 'you', 'be', 'right', '...', 'i', 'need', 'to', 'start', 'work', 'out', 'with', 'you', 'and', 'the', 'nikster', '...', 'or', 'jar', 'at', 'least', '!']","['i', 'be', 'sure', 'you', 'be', 'right', 'i', 'need', 'to', 'start', 'work', 'out', 'with', 'you', 'and', 'the', 'nikster', 'or', 'jar', 'at', 'least']","i be sure you be right i need to start work out with you and the nikster or jar at least"
"71","0","i really hate how people diss my bands!  Trace is clearly NOT ugly!","i really hate how people diss my bands! Trace is clearly NOT ugly!","['i', 'really', 'hate', 'how', 'people', 'diss', 'my', 'bands', '!', 'Trace', 'is', 'clearly', 'NOT', 'ugly', '!']","['i', 'realli', 'hate', 'how', 'peopl', 'diss', 'my', 'band', '!', 'trace', 'is', 'clearli', 'not', 'ugli', '!']","['i', 'really', 'hate', 'how', 'people', 'diss', 'my', 'band', '!', 'trace', 'be', 'clearly', 'not', 'ugly', '!']","['i', 'really', 'hate', 'how', 'people', 'diss', 'my', 'band', 'trace', 'be', 'clearly', 'not', 'ugly']","i really hate how people diss my band trace be clearly not ugly"
"72","0","Gym attire today was: Puma singlet, Adidas shorts.......and black business socks and leather shoes  Lucky did not run into any cute girls.","Gym attire today was: Puma singlet, Adidas shorts.......and black business socks and leather shoes Lucky did not run into any cute girls.","['Gym', 'attire', 'today', 'was', ':', 'Puma', 'singlet', ',', 'Adidas', 'shorts', '...', 'and', 'black', 'business', 'socks', 'and', 'leather', 'shoes', 'Lucky', 'did', 'not', 'run', 'into', 'any', 'cute', 'girls', '.']","['gym', 'attir', 'today', 'wa', ':', 'puma', 'singlet', ',', 'adida', 'short', '...', 'and', 'black', 'busi', 'sock', 'and', 'leather', 'shoe', 'lucki', 'did', 'not', 'run', 'into', 'ani', 'cute', 'girl', '.']","['gym', 'attire', 'today', 'be', ':', 'puma', 'singlet', ',', 'adidas', 'short', '...', 'and', 'black', 'business', 'sock', 'and', 'leather', 'shoe', 'lucky', 'do', 'not', 'run', 'into', 'any', 'cute', 'girl', '.']","['gym', 'attire', 'today', 'be', 'puma', 'singlet', 'adidas', 'short', 'and', 'black', 'business', 'sock', 'and', 'leather', 'shoe', 'lucky', 'do', 'not', 'run', 'into', 'any', 'cute', 'girl']","gym attire today be puma singlet adidas short and black business sock and leather shoe lucky do not run into any cute girl"
"73","0","Why won't you show my location?!   http://twitpic.com/2y2es","Why will not you show my location?!","['Why', 'will', 'not', 'you', 'show', 'my', 'location', '?', '!']","['whi', 'will', 'not', 'you', 'show', 'my', 'locat', '?', '!']","['why', 'will', 'not', 'you', 'show', 'my', 'location', '?', '!']","['why', 'will', 'not', 'you', 'show', 'my', 'location']","why will not you show my location"
"74","0","No picnic  my phone smells like citrus.","No picnic my phone smells like citrus.","['No', 'picnic', 'my', 'phone', 'smells', 'like', 'citrus', '.']","['no', 'picnic', 'my', 'phone', 'smell', 'like', 'citru', '.']","['no', 'picnic', 'my', 'phone', 'smell', 'like', 'citrus', '.']","['no', 'picnic', 'my', 'phone', 'smell', 'like', 'citrus']","no picnic my phone smell like citrus"
"75","0","@ashleyac My donkey is sensitive about such comments. Nevertheless, he'd (and me'd) be glad to see your mug asap. Charger is still awol. ","My donkey is sensitive about such comments. Nevertheless, he would (and me'd) be glad to see your mug as soon as possible. Charger is still awol.","['My', 'donkey', 'is', 'sensitive', 'about', 'such', 'comments', '.', 'Nevertheless', ',', 'he', 'would', '(', 'and', ""me'd"", ')', 'be', 'glad', 'to', 'see', 'your', 'mug', 'as', 'soon', 'as', 'possible', '.', 'Charger', 'is', 'still', 'awol', '.']","['my', 'donkey', 'is', 'sensit', 'about', 'such', 'comment', '.', 'nevertheless', ',', 'he', 'would', '(', 'and', ""me'd"", ')', 'be', 'glad', 'to', 'see', 'your', 'mug', 'as', 'soon', 'as', 'possibl', '.', 'charger', 'is', 'still', 'awol', '.']","['my', 'donkey', 'be', 'sensitive', 'about', 'such', 'comment', '.', 'nevertheless', ',', 'he', 'would', '(', 'and', ""me'd"", ')', 'be', 'glad', 'to', 'see', 'your', 'mug', 'as', 'soon', 'as', 'possible', '.', 'charger', 'be', 'still', 'awol', '.']","['my', 'donkey', 'be', 'sensitive', 'about', 'such', 'comment', 'nevertheless', 'he', 'would', 'and', ""me'd"", 'be', 'glad', 'to', 'see', 'your', 'mug', 'as', 'soon', 'as', 'possible', 'charger', 'be', 'still', 'awol']","my donkey be sensitive about such comment nevertheless he would and med be glad to see your mug as soon as possible charger be still awol"
"76","0","No new csi tonight.  FML","No new csi tonight. FML","['No', 'new', 'csi', 'tonight', '.', 'FML']","['no', 'new', 'csi', 'tonight', '.', 'fml']","['no', 'new', 'csi', 'tonight', '.', 'fml']","['no', 'new', 'csi', 'tonight', 'fml']","no new csi tonight fml"
"77","0","i think my arms are sore from tennis ","i think my arms are sore from tennis","['i', 'think', 'my', 'arms', 'are', 'sore', 'from', 'tennis']","['i', 'think', 'my', 'arm', 'are', 'sore', 'from', 'tenni']","['i', 'think', 'my', 'arm', 'be', 'sore', 'from', 'tennis']","['i', 'think', 'my', 'arm', 'be', 'sore', 'from', 'tennis']","i think my arm be sore from tennis"
"78","0","wonders why someone that u like so much can make you so unhappy in a split seccond . depressed . ","wonders why someone that you like so much can make you so unhappy in a split seccond . depressed .","['wonders', 'why', 'someone', 'that', 'you', 'like', 'so', 'much', 'can', 'make', 'you', 'so', 'unhappy', 'in', 'a', 'split', 'seccond', '.', 'depressed', '.']","['wonder', 'whi', 'someon', 'that', 'you', 'like', 'so', 'much', 'can', 'make', 'you', 'so', 'unhappi', 'in', 'a', 'split', 'seccond', '.', 'depress', '.']","['wonder', 'why', 'someone', 'that', 'you', 'like', 'so', 'much', 'can', 'make', 'you', 'so', 'unhappy', 'in', 'a', 'split', 'seccond', '.', 'depress', '.']","['wonder', 'why', 'someone', 'that', 'you', 'like', 'so', 'much', 'can', 'make', 'you', 'so', 'unhappy', 'in', 'a', 'split', 'seccond', 'depress']","wonder why someone that you like so much can make you so unhappy in a split seccond depress"
"79","0","sleep soon... i just hate saying bye and see you tomorrow for the night. ","sleep soon... i just hate saying bye and see you tomorrow for the night.","['sleep', 'soon', '...', 'i', 'just', 'hate', 'saying', 'bye', 'and', 'see', 'you', 'tomorrow', 'for', 'the', 'night', '.']","['sleep', 'soon', '...', 'i', 'just', 'hate', 'say', 'bye', 'and', 'see', 'you', 'tomorrow', 'for', 'the', 'night', '.']","['sleep', 'soon', '...', 'i', 'just', 'hate', 'say', 'bye', 'and', 'see', 'you', 'tomorrow', 'for', 'the', 'night', '.']","['sleep', 'soon', 'i', 'just', 'hate', 'say', 'bye', 'and', 'see', 'you', 'tomorrow', 'for', 'the', 'night']","sleep soon i just hate say bye and see you tomorrow for the night"
"80","0","@statravelAU just got ur newsletter, those fares really are unbelievable, shame I already booked and paid for mine ","just got you are newsletter, those fares really are unbelievable, shame I already booked and paid for mine","['just', 'got', 'you', 'are', 'newsletter', ',', 'those', 'fares', 'really', 'are', 'unbelievable', ',', 'shame', 'I', 'already', 'booked', 'and', 'paid', 'for', 'mine']","['just', 'got', 'you', 'are', 'newslett', ',', 'those', 'fare', 'realli', 'are', 'unbeliev', ',', 'shame', 'i', 'alreadi', 'book', 'and', 'paid', 'for', 'mine']","['just', 'get', 'you', 'be', 'newsletter', ',', 'those', 'fare', 'really', 'be', 'unbelievable', ',', 'shame', 'i', 'already', 'book', 'and', 'pay', 'for', 'mine']","['just', 'get', 'you', 'be', 'newsletter', 'those', 'fare', 'really', 'be', 'unbelievable', 'shame', 'i', 'already', 'book', 'and', 'pay', 'for', 'mine']","just get you be newsletter those fare really be unbelievable shame i already book and pay for mine"
"81","0","missin' the boo ","missin' the boo","['missin', ""'"", 'the', 'boo']","['missin', ""'"", 'the', 'boo']","['missin', ""'"", 'the', 'boo']","['missin', 'the', 'boo']","missin the boo"
"82","0","@markhardy1974 Me too  #itm","Me too #itm","['Me', 'too', '#itm']","['me', 'too', '#itm']","['me', 'too', '#itm']","['me', 'too', '#itm']","me too itm"
"83","0","Damn... I don't have any chalk! MY CHALKBOARD IS USELESS ","Damn... I do not have any chalk! MY CHALKBOARD IS USELESS","['Damn', '...', 'I', 'do', 'not', 'have', 'any', 'chalk', '!', 'MY', 'CHALKBOARD', 'IS', 'USELESS']","['damn', '...', 'i', 'do', 'not', 'have', 'ani', 'chalk', '!', 'my', 'chalkboard', 'is', 'useless']","['damn', '...', 'i', 'do', 'not', 'have', 'any', 'chalk', '!', 'my', 'chalkboard', 'be', 'useless']","['damn', 'i', 'do', 'not', 'have', 'any', 'chalk', 'my', 'chalkboard', 'be', 'useless']","damn i do not have any chalk my chalkboard be useless"
"84","0","had a blast at the Getty Villa, but hates that she's had a sore throat all day. It's just getting worse too ","had a blast at the Getty Villa, but hates that she is had a sore throat all day. It is just getting worse too","['had', 'a', 'blast', 'at', 'the', 'Getty', 'Villa', ',', 'but', 'hates', 'that', 'she', 'is', 'had', 'a', 'sore', 'throat', 'all', 'day', '.', 'It', 'is', 'just', 'getting', 'worse', 'too']","['had', 'a', 'blast', 'at', 'the', 'getti', 'villa', ',', 'but', 'hate', 'that', 'she', 'is', 'had', 'a', 'sore', 'throat', 'all', 'day', '.', 'it', 'is', 'just', 'get', 'wors', 'too']","['have', 'a', 'blast', 'at', 'the', 'getty', 'villa', ',', 'but', 'hat', 'that', 'she', 'be', 'have', 'a', 'sore', 'throat', 'all', 'day', '.', 'it', 'be', 'just', 'get', 'bad', 'too']","['have', 'a', 'blast', 'at', 'the', 'getty', 'villa', 'but', 'hat', 'that', 'she', 'be', 'have', 'a', 'sore', 'throat', 'all', 'day', 'it', 'be', 'just', 'get', 'bad', 'too']","have a blast at the getty villa but hat that she be have a sore throat all day it be just get bad too"
"85","0","@msdrama hey missed ya at the meeting  sup mama","hey missed ya at the meeting sup mama","['hey', 'missed', 'ya', 'at', 'the', 'meeting', 'sup', 'mama']","['hey', 'miss', 'ya', 'at', 'the', 'meet', 'sup', 'mama']","['hey', 'miss', 'ya', 'at', 'the', 'meeting', 'sup', 'mama']","['hey', 'miss', 'ya', 'at', 'the', 'meeting', 'sup', 'mama']","hey miss ya at the meeting sup mama"
"86","0","My tummy hurts.  I wonder if the hypnosis has anything to do with it? If so, it's working, I get it, STOP SMOKING!!!","My tummy hurts. I wonder if the hypnosis has anything to do with it? If so, it is working, I get it, STOP SMOKING!!!","['My', 'tummy', 'hurts', '.', 'I', 'wonder', 'if', 'the', 'hypnosis', 'has', 'anything', 'to', 'do', 'with', 'it', '?', 'If', 'so', ',', 'it', 'is', 'working', ',', 'I', 'get', 'it', ',', 'STOP', 'SMOKING', '!', '!', '!']","['my', 'tummi', 'hurt', '.', 'i', 'wonder', 'if', 'the', 'hypnosi', 'ha', 'anyth', 'to', 'do', 'with', 'it', '?', 'if', 'so', ',', 'it', 'is', 'work', ',', 'i', 'get', 'it', ',', 'stop', 'smoke', '!', '!', '!']","['my', 'tummy', 'hurt', '.', 'i', 'wonder', 'if', 'the', 'hypnosis', 'have', 'anything', 'to', 'do', 'with', 'it', '?', 'if', 'so', ',', 'it', 'be', 'work', ',', 'i', 'get', 'it', ',', 'stop', 'smoking', '!', '!', '!']","['my', 'tummy', 'hurt', 'i', 'wonder', 'if', 'the', 'hypnosis', 'have', 'anything', 'to', 'do', 'with', 'it', 'if', 'so', 'it', 'be', 'work', 'i', 'get', 'it', 'stop', 'smoking']","my tummy hurt i wonder if the hypnosis have anything to do with it if so it be work i get it stop smoking"
"87","0","why is it always the fat ones?! ","why is it always the fat ones?!","['why', 'is', 'it', 'always', 'the', 'fat', 'ones', '?', '!']","['whi', 'is', 'it', 'alway', 'the', 'fat', 'one', '?', '!']","['why', 'be', 'it', 'always', 'the', 'fat', 'one', '?', '!']","['why', 'be', 'it', 'always', 'the', 'fat', 'one']","why be it always the fat one"
"88","0","@januarycrimson Sorry, babe!!  My fam annoys me too. Thankfully, they're asleep right now. Muahaha. *evil laugh*","Sorry, babe!! My fam annoys me too. Thankfully, they are asleep right now. Muahaha. *evil laugh*","['Sorry', ',', 'babe', '!', '!', 'My', 'fam', 'annoys', 'me', 'too', '.', 'Thankfully', ',', 'they', 'are', 'asleep', 'right', 'now', '.', 'Muahaha', '.', '*', 'evil', 'laugh', '*']","['sorri', ',', 'babe', '!', '!', 'my', 'fam', 'annoy', 'me', 'too', '.', 'thank', ',', 'they', 'are', 'asleep', 'right', 'now', '.', 'muahaha', '.', '*', 'evil', 'laugh', '*']","['sorry', ',', 'babe', '!', '!', 'my', 'fam', 'annoys', 'me', 'too', '.', 'thankfully', ',', 'they', 'be', 'asleep', 'right', 'now', '.', 'muahaha', '.', '*', 'evil', 'laugh', '*']","['sorry', 'babe', 'my', 'fam', 'annoys', 'me', 'too', 'thankfully', 'they', 'be', 'asleep', 'right', 'now', 'muahaha', 'evil', 'laugh']","sorry babe my fam annoys me too thankfully they be asleep right now muahaha evil laugh"
"89","0","@Hollywoodheat I should have paid more attention when we covered photoshop in my webpage design class in undergrad ","I should have paid more attention when we covered photoshop in my webpage design class in undergrad","['I', 'should', 'have', 'paid', 'more', 'attention', 'when', 'we', 'covered', 'photoshop', 'in', 'my', 'webpage', 'design', 'class', 'in', 'undergrad']","['i', 'should', 'have', 'paid', 'more', 'attent', 'when', 'we', 'cover', 'photoshop', 'in', 'my', 'webpag', 'design', 'class', 'in', 'undergrad']","['i', 'should', 'have', 'pay', 'more', 'attention', 'when', 'we', 'cover', 'photoshop', 'in', 'my', 'webpage', 'design', 'class', 'in', 'undergrad']","['i', 'should', 'have', 'pay', 'more', 'attention', 'when', 'we', 'cover', 'photoshop', 'in', 'my', 'webpage', 'design', 'class', 'in', 'undergrad']","i should have pay more attention when we cover photoshop in my webpage design class in undergrad"
"90","0","wednesday my b-day! don't know what 2 do!! ","wednesday my b-day! do not know what 2 do!!","['wednesday', 'my', 'b-day', '!', 'do', 'not', 'know', 'what', '2', 'do', '!', '!']","['wednesday', 'my', 'b-day', '!', 'do', 'not', 'know', 'what', '2', 'do', '!', '!']","['wednesday', 'my', 'b-day', '!', 'do', 'not', 'know', 'what', '2', 'do', '!', '!']","['wednesday', 'my', 'b-day', 'do', 'not', 'know', 'what', 'do']","wednesday my bday do not know what do"
"91","0","Poor cameron (the hills) ","Poor cameron (the hills)","['Poor', 'cameron', '(', 'the', 'hills', ')']","['poor', 'cameron', '(', 'the', 'hill', ')']","['poor', 'cameron', '(', 'the', 'hill', ')']","['poor', 'cameron', 'the', 'hill']","poor cameron the hill"
"92","0","pray for me please, the ex is threatening to start sh** at my/our babies 1st Birthday party. what a jerk. and I still have a headache ","pray for me please, the ex is threatening to start sh** at my/our babies 1st Birthday party. what a jerk. and I still have a headache","['pray', 'for', 'me', 'please', ',', 'the', 'ex', 'is', 'threatening', 'to', 'start', 'sh', '*', '*', 'at', 'my', '/', 'our', 'babies', '1st', 'Birthday', 'party', '.', 'what', 'a', 'jerk', '.', 'and', 'I', 'still', 'have', 'a', 'headache']","['pray', 'for', 'me', 'pleas', ',', 'the', 'ex', 'is', 'threaten', 'to', 'start', 'sh', '*', '*', 'at', 'my', '/', 'our', 'babi', '1st', 'birthday', 'parti', '.', 'what', 'a', 'jerk', '.', 'and', 'i', 'still', 'have', 'a', 'headach']","['pray', 'for', 'me', 'please', ',', 'the', 'ex', 'be', 'threaten', 'to', 'start', 'sh', '*', '*', 'at', 'my', '/', 'our', 'baby', '1st', 'birthday', 'party', '.', 'what', 'a', 'jerk', '.', 'and', 'i', 'still', 'have', 'a', 'headache']","['pray', 'for', 'me', 'please', 'the', 'ex', 'be', 'threaten', 'to', 'start', 'sh', 'at', 'my', 'our', 'baby', 'birthday', 'party', 'what', 'a', 'jerk', 'and', 'i', 'still', 'have', 'a', 'headache']","pray for me please the ex be threaten to start sh at my our baby birthday party what a jerk and i still have a headache"
"93","0","@makeherfamous hmm  , do u really enjoy being with him ? if the problems are too constants u should think things more , find someone ulike","hmm , do you really enjoy being with him ? if the problems are too constants you should think things more , find someone ulike","['hmm', ',', 'do', 'you', 'really', 'enjoy', 'being', 'with', 'him', '?', 'if', 'the', 'problems', 'are', 'too', 'constants', 'you', 'should', 'think', 'things', 'more', ',', 'find', 'someone', 'ulike']","['hmm', ',', 'do', 'you', 'realli', 'enjoy', 'be', 'with', 'him', '?', 'if', 'the', 'problem', 'are', 'too', 'constant', 'you', 'should', 'think', 'thing', 'more', ',', 'find', 'someon', 'ulik']","['hmm', ',', 'do', 'you', 'really', 'enjoy', 'be', 'with', 'him', '?', 'if', 'the', 'problem', 'be', 'too', 'constant', 'you', 'should', 'think', 'thing', 'more', ',', 'find', 'someone', 'ulike']","['hmm', 'do', 'you', 'really', 'enjoy', 'be', 'with', 'him', 'if', 'the', 'problem', 'be', 'too', 'constant', 'you', 'should', 'think', 'thing', 'more', 'find', 'someone', 'ulike']","hmm do you really enjoy be with him if the problem be too constant you should think thing more find someone ulike"
"94","0","Strider is a sick little puppy  http://apps.facebook.com/dogbook/profile/view/5248435","Strider is a sick little puppy","['Strider', 'is', 'a', 'sick', 'little', 'puppy']","['strider', 'is', 'a', 'sick', 'littl', 'puppi']","['strider', 'be', 'a', 'sick', 'little', 'puppy']","['strider', 'be', 'a', 'sick', 'little', 'puppy']","strider be a sick little puppy"
"95","0","so rylee,grace...wana go steve's party or not?? SADLY SINCE ITS EASTER I WNT B ABLE 2 DO MUCH  BUT OHH WELL.....","so rylee,grace...wana go steve's party or not?? SADLY SINCE ITS EASTER I WNT B ABLE 2 DO MUCH BUT OHH WELL.....","['so', 'rylee', ',', 'grace', '...', 'wana', 'go', ""steve's"", 'party', 'or', 'not', '?', '?', 'SADLY', 'SINCE', 'ITS', 'EASTER', 'I', 'WNT', 'B', 'ABLE', '2', 'DO', 'MUCH', 'BUT', 'OHH', 'WELL', '...']","['so', 'ryle', ',', 'grace', '...', 'wana', 'go', ""steve'"", 'parti', 'or', 'not', '?', '?', 'sadli', 'sinc', 'it', 'easter', 'i', 'wnt', 'b', 'abl', '2', 'do', 'much', 'but', 'ohh', 'well', '...']","['so', 'rylee', ',', 'grace', '...', 'wana', 'go', ""steve's"", 'party', 'or', 'not', '?', '?', 'sadly', 'since', 'its', 'easter', 'i', 'wnt', 'b', 'able', '2', 'do', 'much', 'but', 'ohh', 'well', '...']","['so', 'rylee', 'grace', 'wana', 'go', ""steve's"", 'party', 'or', 'not', 'sadly', 'since', 'its', 'easter', 'i', 'wnt', 'b', 'able', 'do', 'much', 'but', 'ohh', 'well']","so rylee grace wana go steves party or not sadly since its easter i wnt b able do much but ohh well"
"96","0","hey, I actually won one of my bracket pools! Too bad it wasn't the one for money ","hey, I actually won one of my bracket pools! Too bad it was not the one for money","['hey', ',', 'I', 'actually', 'won', 'one', 'of', 'my', 'bracket', 'pools', '!', 'Too', 'bad', 'it', 'was', 'not', 'the', 'one', 'for', 'money']","['hey', ',', 'i', 'actual', 'won', 'one', 'of', 'my', 'bracket', 'pool', '!', 'too', 'bad', 'it', 'wa', 'not', 'the', 'one', 'for', 'money']","['hey', ',', 'i', 'actually', 'win', 'one', 'of', 'my', 'bracket', 'pool', '!', 'too', 'bad', 'it', 'be', 'not', 'the', 'one', 'for', 'money']","['hey', 'i', 'actually', 'win', 'one', 'of', 'my', 'bracket', 'pool', 'too', 'bad', 'it', 'be', 'not', 'the', 'one', 'for', 'money']","hey i actually win one of my bracket pool too bad it be not the one for money"
"97","0","@stark YOU don't follow me, either  and i work for you!","YOU do not follow me, either and i work for you!","['YOU', 'do', 'not', 'follow', 'me', ',', 'either', 'and', 'i', 'work', 'for', 'you', '!']","['you', 'do', 'not', 'follow', 'me', ',', 'either', 'and', 'i', 'work', 'for', 'you', '!']","['you', 'do', 'not', 'follow', 'me', ',', 'either', 'and', 'i', 'work', 'for', 'you', '!']","['you', 'do', 'not', 'follow', 'me', 'either', 'and', 'i', 'work', 'for', 'you']","you do not follow me either and i work for you"
"98","0","A bad nite for the favorite teams: Astros and Spartans lose.  The nite out with T.W. was good.","A bad nite for the favorite teams: Astros and Spartans lose. The nite out with T.W. was good.","['A', 'bad', 'nite', 'for', 'the', 'favorite', 'teams', ':', 'Astros', 'and', 'Spartans', 'lose', '.', 'The', 'nite', 'out', 'with', 'T', '.', 'W', '.', 'was', 'good', '.']","['a', 'bad', 'nite', 'for', 'the', 'favorit', 'team', ':', 'astro', 'and', 'spartan', 'lose', '.', 'the', 'nite', 'out', 'with', 't', '.', 'w', '.', 'wa', 'good', '.']","['a', 'bad', 'nite', 'for', 'the', 'favorite', 'team', ':', 'astros', 'and', 'spartan', 'lose', '.', 'the', 'nite', 'out', 'with', 't', '.', 'w', '.', 'be', 'good', '.']","['a', 'bad', 'nite', 'for', 'the', 'favorite', 'team', 'astros', 'and', 'spartan', 'lose', 'the', 'nite', 'out', 'with', 't', 'w', 'be', 'good']","a bad nite for the favorite team astros and spartan lose the nite out with t w be good"
"99","0"," Body Of Missing Northern Calif. Girl Found: Police have found the remains of a missing Northern California girl .. http://tr.im/imji","Body Of Missing Northern Calif. Girl Found: Police have found the remains of a missing Northern California girl ..","['Body', 'Of', 'Missing', 'Northern', 'Calif', '.', 'Girl', 'Found', ':', 'Police', 'have', 'found', 'the', 'remains', 'of', 'a', 'missing', 'Northern', 'California', 'girl', '..']","['bodi', 'of', 'miss', 'northern', 'calif', '.', 'girl', 'found', ':', 'polic', 'have', 'found', 'the', 'remain', 'of', 'a', 'miss', 'northern', 'california', 'girl', '..']","['body', 'of', 'miss', 'northern', 'calif', '.', 'girl', 'find', ':', 'police', 'have', 'find', 'the', 'remains', 'of', 'a', 'miss', 'northern', 'california', 'girl', '..']","['body', 'of', 'miss', 'northern', 'calif', 'girl', 'find', 'police', 'have', 'find', 'the', 'remains', 'of', 'a', 'miss', 'northern', 'california', 'girl']","body of miss northern calif girl find police have find the remains of a miss northern california girl"
